SOURCE,CATEGORY,SUB_CATEGORY,PARENT_CATEGORY,IS_ADDITION,MEASURE
written,Deduction,Administration Allowance,Deduction,N,Written Other Deduction
written,Deduction,Commission,Deduction,N,Written Commission
written,Deduction,Coverholder Commission,Deduction,N,Written Other Deduction
written,Deduction,Federal Excise Tax,Deduction,N,Written Other Deduction
written,Deduction,Fees & Expenses,Deduction,N,Written Other Deduction
written,Deduction,Fire Brigade Charges,Deduction,N,Written Other Deduction
written,Deduction,Greek Tax - 12.4%,Deduction,N,Written Other Deduction
written,Deduction,Irish Levy,Deduction,N,Written Other Deduction
written,Deduction,Italian Solidarity Fund - 1%,Deduction,N,Written Other Deduction
written,Deduction,Italy Pt & Pc - 22.25%,Deduction,N,Written Other Deduction
written,Deduction,Lead Office Survey Fees,Deduction,N,Written Other Deduction
written,Deduction,Management Expenses,Deduction,N,Written Other Deduction
written,Deduction,Other Deduction,Deduction,N,Written Other Deduction
written,Deduction,Other Fees,Deduction,N,Written Other Deduction
written,Deduction,Peruvian Withholding Tax,Deduction,N,Written Other Deduction
written,Deduction,Premium Taxes,Deduction,N,Written Other Deduction
written,Deduction,Profit Commission,Deduction,N,Written Other Deduction
written,Deduction,Reinsurance Commission,Deduction,N,Written Other Deduction
written,Deduction,Reinsurance Overriding Commission,Deduction,N,Written Other Deduction
written,Deduction,Reinsurance Profit Commission,Deduction,N,Written Other Deduction
written,Deduction,Spanish Tax Both - 6.3%,Deduction,N,Written Other Deduction
written,Premium,Premium,Premium,N,Gross Written Premium
written,Deduction,Brokerage,Deduction,N,Written Brokerage
written,Deduction,Brokerage (Flat),Deduction,N,Written Brokerage
written,Deduction,Brokerage (Profitability),Deduction,N,Written Brokerage
written,IPT,IPT Algeria,Deduction,N,Written IPT
written,IPT,IPT Antigua and Barbuda,Deduction,N,Written IPT
written,IPT,IPT Argentina,Deduction,N,Written IPT
written,IPT,IPT Australia,Deduction,N,Written IPT
written,IPT,IPT Austria,Deduction,N,Written IPT
written,IPT,IPT Azerbaijan,Deduction,N,Written IPT
written,IPT,IPT Bahamas,Deduction,N,Written IPT
written,IPT,IPT Bahrain,Deduction,N,Written IPT
written,IPT,IPT Barbados,Deduction,N,Written IPT
written,IPT,IPT Belgium,Deduction,N,Written IPT
written,IPT,IPT Bermuda,Deduction,N,Written IPT
written,IPT,IPT Bolivia,Deduction,N,Written IPT
written,IPT,IPT Brazil,Deduction,N,Written IPT
written,IPT,IPT Bulgaria,Deduction,N,Written IPT
written,IPT,IPT Cambodia,Deduction,N,Written IPT
written,IPT,IPT Canada,Deduction,N,Written IPT
written,IPT,IPT Canada NewFoundland,Deduction,N,Written IPT
written,IPT,IPT Canada Ontario,Deduction,N,Written IPT
written,IPT,IPT Canada Quebec,Deduction,N,Written IPT
written,IPT,IPT Cayman Islands,Deduction,N,Written IPT
written,IPT,IPT Chile,Deduction,N,Written IPT
written,IPT,IPT China,Deduction,N,Written IPT
written,IPT,IPT Colombia,Deduction,N,Written IPT
written,IPT,IPT Cyprus,Deduction,N,Written IPT
written,IPT,IPT Denmark,Deduction,N,Written IPT
written,IPT,IPT Dominica,Deduction,N,Written IPT
written,IPT,IPT Dominican Republic,Deduction,N,Written IPT
written,IPT,IPT Ecuador,Deduction,N,Written IPT
written,IPT,IPT Fiji,Deduction,N,Written IPT
written,IPT,IPT Finland,Deduction,N,Written IPT
written,IPT,IPT France,Deduction,N,Written IPT
written,IPT,IPT French Polynesia,Deduction,N,Written IPT
written,IPT,IPT Germany,Deduction,N,Written IPT
written,IPT,IPT Greece,Deduction,N,Written IPT
written,IPT,IPT Guatemala,Deduction,N,Written IPT
written,IPT,IPT Guinea,Deduction,N,Written IPT
written,IPT,IPT Haiti,Deduction,N,Written IPT
written,IPT,IPT Hungary,Deduction,N,Written IPT
written,IPT,IPT Hungary Stamp Duty,Deduction,N,Written IPT
written,IPT,IPT Indonesia,Deduction,N,Written IPT
written,IPT,IPT Ireland,Deduction,N,Written IPT
written,IPT,IPT Italy,Deduction,N,Written IPT
written,IPT,IPT Kazakhstan,Deduction,N,Written IPT
written,IPT,"IPT Korea, Republic of",Deduction,N,Written IPT
written,IPT,IPT Kuwait,Deduction,N,Written IPT
written,IPT,IPT Lebanon,Deduction,N,Written IPT
written,IPT,IPT Liechtenstein,Deduction,N,Written IPT
written,IPT,IPT Luxembourg,Deduction,N,Written IPT
written,IPT,IPT Malaysia,Deduction,N,Written IPT
written,IPT,IPT Malta,Deduction,N,Written IPT
written,IPT,IPT Mauritania,Deduction,N,Written IPT
written,IPT,IPT Mexico,Deduction,N,Written IPT
written,IPT,IPT Monaco,Deduction,N,Written IPT
written,IPT,IPT Morocco,Deduction,N,Written IPT
written,IPT,IPT Namibia,Deduction,N,Written IPT
written,IPT,IPT Netherlands,Deduction,N,Written IPT
written,IPT,IPT New Zealand,Deduction,N,Written IPT
written,IPT,IPT Nigeria,Deduction,N,Written IPT
written,IPT,IPT Norway,Deduction,N,Written IPT
written,IPT,IPT Panama,Deduction,N,Written IPT
written,IPT,IPT Papua New Guinea,Deduction,N,Written IPT
written,IPT,IPT Peru,Deduction,N,Written IPT
written,IPT,IPT Portugal,Deduction,N,Written IPT
written,IPT,IPT Portugal Parafiscal,Deduction,N,Written IPT
written,IPT,IPT Romania,Deduction,N,Written IPT
written,IPT,IPT Russian Federation,Deduction,N,Written IPT
written,IPT,IPT Saint Lucia,Deduction,N,Written IPT
written,IPT,IPT Saudi Arabia,Deduction,N,Written IPT
written,IPT,IPT Serbia,Deduction,N,Written IPT
written,IPT,IPT Singapore,Deduction,N,Written IPT
written,IPT,IPT Slovakia,Deduction,N,Written IPT
written,IPT,IPT Slovenia,Deduction,N,Written IPT
written,IPT,IPT South Africa Income Tax,Deduction,N,Written IPT
written,IPT,IPT Spain,Deduction,N,Written IPT
written,IPT,IPT Switzerland,Deduction,N,Written IPT
written,IPT,"IPT Taiwan, Province of China",Deduction,N,Written IPT
written,IPT,IPT Thailand,Deduction,N,Written IPT
written,IPT,IPT Trinidad and Tobago,Deduction,N,Written IPT
written,IPT,IPT Turkey,Deduction,N,Written IPT
written,IPT,IPT UK,Deduction,N,Written IPT
written,IPT,IPT Ukraine,Deduction,N,Written IPT
written,IPT,IPT United Arab Emirates,Deduction,N,Written IPT
written,IPT,IPT United States,Deduction,N,Written IPT
written,IPT,IPT Uruguay,Deduction,N,Written IPT
written,IPT,IPT Venezuela,Deduction,N,Written IPT
written,IPT,IPT Vietnam,Deduction,N,Written IPT
written,IPT,IPT Xchanging (*UNKNOWN*),Deduction,N,Written IPT
written,Deduction,Brokerage,Deduction,Y,Written Brokerage (Additional)
written,Deduction,Brokerage (Flat),Deduction,Y,Written Brokerage (Additional)
written,Deduction,Brokerage (Profitability),Deduction,Y,Written Brokerage (Additional)
written,IPT,IPT Algeria,Deduction,Y,Written IPT (Additional)
written,IPT,IPT Antigua and Barbuda,Deduction,Y,Written IPT (Additional)
written,IPT,IPT Argentina,Deduction,Y,Written IPT (Additional)
written,IPT,IPT Australia,Deduction,Y,Written IPT (Additional)
written,IPT,IPT Austria,Deduction,Y,Written IPT (Additional)
written,IPT,IPT Azerbaijan,Deduction,Y,Written IPT (Additional)
written,IPT,IPT Bahamas,Deduction,Y,Written IPT (Additional)
written,IPT,IPT Bahrain,Deduction,Y,Written IPT (Additional)
written,IPT,IPT Barbados,Deduction,Y,Written IPT (Additional)
written,IPT,IPT Belgium,Deduction,Y,Written IPT (Additional)
written,IPT,IPT Bermuda,Deduction,Y,Written IPT (Additional)
written,IPT,IPT Bolivia,Deduction,Y,Written IPT (Additional)
written,IPT,IPT Brazil,Deduction,Y,Written IPT (Additional)
written,IPT,IPT Bulgaria,Deduction,Y,Written IPT (Additional)
written,IPT,IPT Cambodia,Deduction,Y,Written IPT (Additional)
written,IPT,IPT Canada,Deduction,Y,Written IPT (Additional)
written,IPT,IPT Canada NewFoundland,Deduction,Y,Written IPT (Additional)
written,IPT,IPT Canada Ontario,Deduction,Y,Written IPT (Additional)
written,IPT,IPT Canada Quebec,Deduction,Y,Written IPT (Additional)
written,IPT,IPT Cayman Islands,Deduction,Y,Written IPT (Additional)
written,IPT,IPT Chile,Deduction,Y,Written IPT (Additional)
written,IPT,IPT China,Deduction,Y,Written IPT (Additional)
written,IPT,IPT Colombia,Deduction,Y,Written IPT (Additional)
written,IPT,IPT Cyprus,Deduction,Y,Written IPT (Additional)
written,IPT,IPT Denmark,Deduction,Y,Written IPT (Additional)
written,IPT,IPT Dominica,Deduction,Y,Written IPT (Additional)
written,IPT,IPT Dominican Republic,Deduction,Y,Written IPT (Additional)
written,IPT,IPT Ecuador,Deduction,Y,Written IPT (Additional)
written,IPT,IPT Fiji,Deduction,Y,Written IPT (Additional)
written,IPT,IPT Finland,Deduction,Y,Written IPT (Additional)
written,IPT,IPT France,Deduction,Y,Written IPT (Additional)
written,IPT,IPT French Polynesia,Deduction,Y,Written IPT (Additional)
written,IPT,IPT Germany,Deduction,Y,Written IPT (Additional)
written,IPT,IPT Greece,Deduction,Y,Written IPT (Additional)
written,IPT,IPT Guatemala,Deduction,Y,Written IPT (Additional)
written,IPT,IPT Guinea,Deduction,Y,Written IPT (Additional)
written,IPT,IPT Haiti,Deduction,Y,Written IPT (Additional)
written,IPT,IPT Hungary,Deduction,Y,Written IPT (Additional)
written,IPT,IPT Hungary Stamp Duty,Deduction,Y,Written IPT (Additional)
written,IPT,IPT Indonesia,Deduction,Y,Written IPT (Additional)
written,IPT,IPT Ireland,Deduction,Y,Written IPT (Additional)
written,IPT,IPT Italy,Deduction,Y,Written IPT (Additional)
written,IPT,IPT Kazakhstan,Deduction,Y,Written IPT (Additional)
written,IPT,"IPT Korea, Republic of",Deduction,Y,Written IPT (Additional)
written,IPT,IPT Kuwait,Deduction,Y,Written IPT (Additional)
written,IPT,IPT Lebanon,Deduction,Y,Written IPT (Additional)
written,IPT,IPT Liechtenstein,Deduction,Y,Written IPT (Additional)
written,IPT,IPT Luxembourg,Deduction,Y,Written IPT (Additional)
written,IPT,IPT Malaysia,Deduction,Y,Written IPT (Additional)
written,IPT,IPT Malta,Deduction,Y,Written IPT (Additional)
written,IPT,IPT Mauritania,Deduction,Y,Written IPT (Additional)
written,IPT,IPT Mexico,Deduction,Y,Written IPT (Additional)
written,IPT,IPT Monaco,Deduction,Y,Written IPT (Additional)
written,IPT,IPT Morocco,Deduction,Y,Written IPT (Additional)
written,IPT,IPT Namibia,Deduction,Y,Written IPT (Additional)
written,IPT,IPT Netherlands,Deduction,Y,Written IPT (Additional)
written,IPT,IPT New Zealand,Deduction,Y,Written IPT (Additional)
written,IPT,IPT Nigeria,Deduction,Y,Written IPT (Additional)
written,IPT,IPT Norway,Deduction,Y,Written IPT (Additional)
written,IPT,IPT Panama,Deduction,Y,Written IPT (Additional)
written,IPT,IPT Papua New Guinea,Deduction,Y,Written IPT (Additional)
written,IPT,IPT Peru,Deduction,Y,Written IPT (Additional)
written,IPT,IPT Portugal,Deduction,Y,Written IPT (Additional)
written,IPT,IPT Portugal Parafiscal,Deduction,Y,Written IPT (Additional)
written,IPT,IPT Romania,Deduction,Y,Written IPT (Additional)
written,IPT,IPT Russian Federation,Deduction,Y,Written IPT (Additional)
written,IPT,IPT Saint Lucia,Deduction,Y,Written IPT (Additional)
written,IPT,IPT Saudi Arabia,Deduction,Y,Written IPT (Additional)
written,IPT,IPT Serbia,Deduction,Y,Written IPT (Additional)
written,IPT,IPT Singapore,Deduction,Y,Written IPT (Additional)
written,IPT,IPT Slovakia,Deduction,Y,Written IPT (Additional)
written,IPT,IPT Slovenia,Deduction,Y,Written IPT (Additional)
written,IPT,IPT South Africa Income Tax,Deduction,Y,Written IPT (Additional)
written,IPT,IPT Spain,Deduction,Y,Written IPT (Additional)
written,IPT,IPT Switzerland,Deduction,Y,Written IPT (Additional)
written,IPT,"IPT Taiwan, Province of China",Deduction,Y,Written IPT (Additional)
written,IPT,IPT Thailand,Deduction,Y,Written IPT (Additional)
written,IPT,IPT Trinidad and Tobago,Deduction,Y,Written IPT (Additional)
written,IPT,IPT Turkey,Deduction,Y,Written IPT (Additional)
written,IPT,IPT UK,Deduction,Y,Written IPT (Additional)
written,IPT,IPT Ukraine,Deduction,Y,Written IPT (Additional)
written,IPT,IPT United Arab Emirates,Deduction,Y,Written IPT (Additional)
written,IPT,IPT United States,Deduction,Y,Written IPT (Additional)
written,IPT,IPT Uruguay,Deduction,Y,Written IPT (Additional)
written,IPT,IPT Venezuela,Deduction,Y,Written IPT (Additional)
written,IPT,IPT Vietnam,Deduction,Y,Written IPT (Additional)
written,IPT,IPT Xchanging (*UNKNOWN*),Deduction,Y,Written IPT (Additional)
written,Deduction,Administration Allowance,Deduction,Y,Written Other Deduction (Additional)
written,Deduction,Commission,Deduction,Y,Written Commission (Additional)
written,Deduction,Coverholder Commission,Deduction,Y,Written Other Deduction (Additional)
written,Deduction,Federal Excise Tax,Deduction,Y,Written Other Deduction (Additional)
written,Deduction,Fees & Expenses,Deduction,Y,Written Other Deduction (Additional)
written,Deduction,Fire Brigade Charges,Deduction,Y,Written Other Deduction (Additional)
written,Deduction,Greek Tax - 12.4%,Deduction,Y,Written Other Deduction (Additional)
written,Deduction,Irish Levy,Deduction,Y,Written Other Deduction (Additional)
written,Deduction,Italian Solidarity Fund - 1%,Deduction,Y,Written Other Deduction (Additional)
written,Deduction,Italy Pt & Pc - 22.25%,Deduction,Y,Written Other Deduction (Additional)
written,Deduction,Lead Office Survey Fees,Deduction,Y,Written Other Deduction (Additional)
written,Deduction,Management Expenses,Deduction,Y,Written Other Deduction (Additional)
written,Deduction,Other Deduction,Deduction,Y,Written Other Deduction (Additional)
written,Deduction,Other Fees,Deduction,Y,Written Other Deduction (Additional)
written,Deduction,Peruvian Withholding Tax,Deduction,Y,Written Other Deduction (Additional)
written,Deduction,Premium Taxes,Deduction,Y,Written Other Deduction (Additional)
written,Deduction,Profit Commission,Deduction,Y,Written Other Deduction (Additional)
written,Deduction,Reinsurance Commission,Deduction,Y,Written Other Deduction (Additional)
written,Deduction,Reinsurance Overriding Commission,Deduction,Y,Written Other Deduction (Additional)
written,Deduction,Reinsurance Profit Commission,Deduction,Y,Written Other Deduction (Additional)
non-bureau booked,Deduction,Administration Allowance,Deduction,N,Booked Other Deduction
non-bureau booked,Deduction,Commission,Deduction,N,Booked Commission
non-bureau booked,Deduction,Coverholder Commission,Deduction,N,Booked Other Deduction
non-bureau booked,Deduction,Federal Excise Tax,Deduction,N,Booked Other Deduction
non-bureau booked,Deduction,Fees & Expenses,Deduction,N,Booked Other Deduction
non-bureau booked,Deduction,Fire Brigade Charges,Deduction,N,Booked Other Deduction
non-bureau booked,Deduction,Greek Tax - 12.4%,Deduction,N,Booked Other Deduction
non-bureau booked,Deduction,Irish Levy,Deduction,N,Booked Other Deduction
non-bureau booked,Deduction,Italian Solidarity Fund - 1%,Deduction,N,Booked Other Deduction
non-bureau booked,Deduction,Italy Pt & Pc - 22.25%,Deduction,N,Booked Other Deduction
non-bureau booked,Deduction,Lead Office Survey Fees,Deduction,N,Booked Other Deduction
non-bureau booked,Deduction,Management Expenses,Deduction,N,Booked Other Deduction
non-bureau booked,Deduction,Other Deduction,Deduction,N,Booked Other Deduction
non-bureau booked,Deduction,Other Fees,Deduction,N,Booked Other Deduction
non-bureau booked,Deduction,Peruvian Withholding Tax,Deduction,N,Booked Other Deduction
non-bureau booked,Deduction,Premium Taxes,Deduction,N,Booked Other Deduction
non-bureau booked,Deduction,Profit Commission,Deduction,N,Booked Other Deduction
non-bureau booked,Deduction,Reinsurance Commission,Deduction,N,Booked Other Deduction
non-bureau booked,Deduction,Reinsurance Overriding Commission,Deduction,N,Booked Other Deduction
non-bureau booked,Deduction,Reinsurance Profit Commission,Deduction,N,Booked Other Deduction
non-bureau booked,Deduction,Spanish Tax Both - 6.3%,Deduction,N,Booked Other Deduction
non-bureau booked,Premium,Premium,Premium,N,Gross Booked Premium
non-bureau booked,Deduction,Brokerage,Deduction,N,Booked Brokerage
non-bureau booked,Deduction,Brokerage (Flat),Deduction,N,Booked Brokerage
non-bureau booked,Deduction,Brokerage (Profitability),Deduction,N,Booked Brokerage
non-bureau booked,IPT,IPT Algeria,Deduction,N,Booked IPT
non-bureau booked,IPT,IPT Antigua and Barbuda,Deduction,N,Booked IPT
non-bureau booked,IPT,IPT Argentina,Deduction,N,Booked IPT
non-bureau booked,IPT,IPT Australia,Deduction,N,Booked IPT
non-bureau booked,IPT,IPT Austria,Deduction,N,Booked IPT
non-bureau booked,IPT,IPT Azerbaijan,Deduction,N,Booked IPT
non-bureau booked,IPT,IPT Bahamas,Deduction,N,Booked IPT
non-bureau booked,IPT,IPT Bahrain,Deduction,N,Booked IPT
non-bureau booked,IPT,IPT Barbados,Deduction,N,Booked IPT
non-bureau booked,IPT,IPT Belgium,Deduction,N,Booked IPT
non-bureau booked,IPT,IPT Bermuda,Deduction,N,Booked IPT
non-bureau booked,IPT,IPT Bolivia,Deduction,N,Booked IPT
non-bureau booked,IPT,IPT Brazil,Deduction,N,Booked IPT
non-bureau booked,IPT,IPT Bulgaria,Deduction,N,Booked IPT
non-bureau booked,IPT,IPT Cambodia,Deduction,N,Booked IPT
non-bureau booked,IPT,IPT Canada,Deduction,N,Booked IPT
non-bureau booked,IPT,IPT Canada NewFoundland,Deduction,N,Booked IPT
non-bureau booked,IPT,IPT Canada Ontario,Deduction,N,Booked IPT
non-bureau booked,IPT,IPT Canada Quebec,Deduction,N,Booked IPT
non-bureau booked,IPT,IPT Cayman Islands,Deduction,N,Booked IPT
non-bureau booked,IPT,IPT Chile,Deduction,N,Booked IPT
non-bureau booked,IPT,IPT China,Deduction,N,Booked IPT
non-bureau booked,IPT,IPT Colombia,Deduction,N,Booked IPT
non-bureau booked,IPT,IPT Cyprus,Deduction,N,Booked IPT
non-bureau booked,IPT,IPT Denmark,Deduction,N,Booked IPT
non-bureau booked,IPT,IPT Dominica,Deduction,N,Booked IPT
non-bureau booked,IPT,IPT Dominican Republic,Deduction,N,Booked IPT
non-bureau booked,IPT,IPT Ecuador,Deduction,N,Booked IPT
non-bureau booked,IPT,IPT Fiji,Deduction,N,Booked IPT
non-bureau booked,IPT,IPT Finland,Deduction,N,Booked IPT
non-bureau booked,IPT,IPT France,Deduction,N,Booked IPT
non-bureau booked,IPT,IPT French Polynesia,Deduction,N,Booked IPT
non-bureau booked,IPT,IPT Germany,Deduction,N,Booked IPT
non-bureau booked,IPT,IPT Greece,Deduction,N,Booked IPT
non-bureau booked,IPT,IPT Guatemala,Deduction,N,Booked IPT
non-bureau booked,IPT,IPT Guinea,Deduction,N,Booked IPT
non-bureau booked,IPT,IPT Haiti,Deduction,N,Booked IPT
non-bureau booked,IPT,IPT Hungary,Deduction,N,Booked IPT
non-bureau booked,IPT,IPT Hungary Stamp Duty,Deduction,N,Booked IPT
non-bureau booked,IPT,IPT Indonesia,Deduction,N,Booked IPT
non-bureau booked,IPT,IPT Ireland,Deduction,N,Booked IPT
non-bureau booked,IPT,IPT Italy,Deduction,N,Booked IPT
non-bureau booked,IPT,IPT Kazakhstan,Deduction,N,Booked IPT
non-bureau booked,IPT,"IPT Korea, Republic of",Deduction,N,Booked IPT
non-bureau booked,IPT,IPT Kuwait,Deduction,N,Booked IPT
non-bureau booked,IPT,IPT Lebanon,Deduction,N,Booked IPT
non-bureau booked,IPT,IPT Liechtenstein,Deduction,N,Booked IPT
non-bureau booked,IPT,IPT Luxembourg,Deduction,N,Booked IPT
non-bureau booked,IPT,IPT Malaysia,Deduction,N,Booked IPT
non-bureau booked,IPT,IPT Malta,Deduction,N,Booked IPT
non-bureau booked,IPT,IPT Mauritania,Deduction,N,Booked IPT
non-bureau booked,IPT,IPT Mexico,Deduction,N,Booked IPT
non-bureau booked,IPT,IPT Monaco,Deduction,N,Booked IPT
non-bureau booked,IPT,IPT Morocco,Deduction,N,Booked IPT
non-bureau booked,IPT,IPT Namibia,Deduction,N,Booked IPT
non-bureau booked,IPT,IPT Netherlands,Deduction,N,Booked IPT
non-bureau booked,IPT,IPT New Zealand,Deduction,N,Booked IPT
non-bureau booked,IPT,IPT Nigeria,Deduction,N,Booked IPT
non-bureau booked,IPT,IPT Norway,Deduction,N,Booked IPT
non-bureau booked,IPT,IPT Panama,Deduction,N,Booked IPT
non-bureau booked,IPT,IPT Papua New Guinea,Deduction,N,Booked IPT
non-bureau booked,IPT,IPT Peru,Deduction,N,Booked IPT
non-bureau booked,IPT,IPT Portugal,Deduction,N,Booked IPT
non-bureau booked,IPT,IPT Portugal Parafiscal,Deduction,N,Booked IPT
non-bureau booked,IPT,IPT Romania,Deduction,N,Booked IPT
non-bureau booked,IPT,IPT Russian Federation,Deduction,N,Booked IPT
non-bureau booked,IPT,IPT Saint Lucia,Deduction,N,Booked IPT
non-bureau booked,IPT,IPT Saudi Arabia,Deduction,N,Booked IPT
non-bureau booked,IPT,IPT Serbia,Deduction,N,Booked IPT
non-bureau booked,IPT,IPT Singapore,Deduction,N,Booked IPT
non-bureau booked,IPT,IPT Slovakia,Deduction,N,Booked IPT
non-bureau booked,IPT,IPT Slovenia,Deduction,N,Booked IPT
non-bureau booked,IPT,IPT South Africa Income Tax,Deduction,N,Booked IPT
non-bureau booked,IPT,IPT Spain,Deduction,N,Booked IPT
non-bureau booked,IPT,IPT Switzerland,Deduction,N,Booked IPT
non-bureau booked,IPT,"IPT Taiwan, Province of China",Deduction,N,Booked IPT
non-bureau booked,IPT,IPT Thailand,Deduction,N,Booked IPT
non-bureau booked,IPT,IPT Trinidad and Tobago,Deduction,N,Booked IPT
non-bureau booked,IPT,IPT Turkey,Deduction,N,Booked IPT
non-bureau booked,IPT,IPT UK,Deduction,N,Booked IPT
non-bureau booked,IPT,IPT Ukraine,Deduction,N,Booked IPT
non-bureau booked,IPT,IPT United Arab Emirates,Deduction,N,Booked IPT
non-bureau booked,IPT,IPT United States,Deduction,N,Booked IPT
non-bureau booked,IPT,IPT Uruguay,Deduction,N,Booked IPT
non-bureau booked,IPT,IPT Venezuela,Deduction,N,Booked IPT
non-bureau booked,IPT,IPT Vietnam,Deduction,N,Booked IPT
non-bureau booked,IPT,IPT Xchanging (*UNKNOWN*),Deduction,N,Booked IPT
non-bureau booked,Deduction,Brokerage,Deduction,Y,Booked Brokerage (Additional)
non-bureau booked,Deduction,Brokerage (Flat),Deduction,Y,Booked Brokerage (Additional)
non-bureau booked,Deduction,Brokerage (Profitability),Deduction,Y,Booked Brokerage (Additional)
non-bureau booked,IPT,IPT Algeria,Deduction,Y,Booked IPT (Additional)
non-bureau booked,IPT,IPT Antigua and Barbuda,Deduction,Y,Booked IPT (Additional)
non-bureau booked,IPT,IPT Argentina,Deduction,Y,Booked IPT (Additional)
non-bureau booked,IPT,IPT Australia,Deduction,Y,Booked IPT (Additional)
non-bureau booked,IPT,IPT Austria,Deduction,Y,Booked IPT (Additional)
non-bureau booked,IPT,IPT Azerbaijan,Deduction,Y,Booked IPT (Additional)
non-bureau booked,IPT,IPT Bahamas,Deduction,Y,Booked IPT (Additional)
non-bureau booked,IPT,IPT Bahrain,Deduction,Y,Booked IPT (Additional)
non-bureau booked,IPT,IPT Barbados,Deduction,Y,Booked IPT (Additional)
non-bureau booked,IPT,IPT Belgium,Deduction,Y,Booked IPT (Additional)
non-bureau booked,IPT,IPT Bermuda,Deduction,Y,Booked IPT (Additional)
non-bureau booked,IPT,IPT Bolivia,Deduction,Y,Booked IPT (Additional)
non-bureau booked,IPT,IPT Brazil,Deduction,Y,Booked IPT (Additional)
non-bureau booked,IPT,IPT Bulgaria,Deduction,Y,Booked IPT (Additional)
non-bureau booked,IPT,IPT Cambodia,Deduction,Y,Booked IPT (Additional)
non-bureau booked,IPT,IPT Canada,Deduction,Y,Booked IPT (Additional)
non-bureau booked,IPT,IPT Canada NewFoundland,Deduction,Y,Booked IPT (Additional)
non-bureau booked,IPT,IPT Canada Ontario,Deduction,Y,Booked IPT (Additional)
non-bureau booked,IPT,IPT Canada Quebec,Deduction,Y,Booked IPT (Additional)
non-bureau booked,IPT,IPT Cayman Islands,Deduction,Y,Booked IPT (Additional)
non-bureau booked,IPT,IPT Chile,Deduction,Y,Booked IPT (Additional)
non-bureau booked,IPT,IPT China,Deduction,Y,Booked IPT (Additional)
non-bureau booked,IPT,IPT Colombia,Deduction,Y,Booked IPT (Additional)
non-bureau booked,IPT,IPT Cyprus,Deduction,Y,Booked IPT (Additional)
non-bureau booked,IPT,IPT Denmark,Deduction,Y,Booked IPT (Additional)
non-bureau booked,IPT,IPT Dominica,Deduction,Y,Booked IPT (Additional)
non-bureau booked,IPT,IPT Dominican Republic,Deduction,Y,Booked IPT (Additional)
non-bureau booked,IPT,IPT Ecuador,Deduction,Y,Booked IPT (Additional)
non-bureau booked,IPT,IPT Fiji,Deduction,Y,Booked IPT (Additional)
non-bureau booked,IPT,IPT Finland,Deduction,Y,Booked IPT (Additional)
non-bureau booked,IPT,IPT France,Deduction,Y,Booked IPT (Additional)
non-bureau booked,IPT,IPT French Polynesia,Deduction,Y,Booked IPT (Additional)
non-bureau booked,IPT,IPT Germany,Deduction,Y,Booked IPT (Additional)
non-bureau booked,IPT,IPT Greece,Deduction,Y,Booked IPT (Additional)
non-bureau booked,IPT,IPT Guatemala,Deduction,Y,Booked IPT (Additional)
non-bureau booked,IPT,IPT Guinea,Deduction,Y,Booked IPT (Additional)
non-bureau booked,IPT,IPT Haiti,Deduction,Y,Booked IPT (Additional)
non-bureau booked,IPT,IPT Hungary,Deduction,Y,Booked IPT (Additional)
non-bureau booked,IPT,IPT Hungary Stamp Duty,Deduction,Y,Booked IPT (Additional)
non-bureau booked,IPT,IPT Indonesia,Deduction,Y,Booked IPT (Additional)
non-bureau booked,IPT,IPT Ireland,Deduction,Y,Booked IPT (Additional)
non-bureau booked,IPT,IPT Italy,Deduction,Y,Booked IPT (Additional)
non-bureau booked,IPT,IPT Kazakhstan,Deduction,Y,Booked IPT (Additional)
non-bureau booked,IPT,"IPT Korea, Republic of",Deduction,Y,Booked IPT (Additional)
non-bureau booked,IPT,IPT Kuwait,Deduction,Y,Booked IPT (Additional)
non-bureau booked,IPT,IPT Lebanon,Deduction,Y,Booked IPT (Additional)
non-bureau booked,IPT,IPT Liechtenstein,Deduction,Y,Booked IPT (Additional)
non-bureau booked,IPT,IPT Luxembourg,Deduction,Y,Booked IPT (Additional)
non-bureau booked,IPT,IPT Malaysia,Deduction,Y,Booked IPT (Additional)
non-bureau booked,IPT,IPT Malta,Deduction,Y,Booked IPT (Additional)
non-bureau booked,IPT,IPT Mauritania,Deduction,Y,Booked IPT (Additional)
non-bureau booked,IPT,IPT Mexico,Deduction,Y,Booked IPT (Additional)
non-bureau booked,IPT,IPT Monaco,Deduction,Y,Booked IPT (Additional)
non-bureau booked,IPT,IPT Morocco,Deduction,Y,Booked IPT (Additional)
non-bureau booked,IPT,IPT Namibia,Deduction,Y,Booked IPT (Additional)
non-bureau booked,IPT,IPT Netherlands,Deduction,Y,Booked IPT (Additional)
non-bureau booked,IPT,IPT New Zealand,Deduction,Y,Booked IPT (Additional)
non-bureau booked,IPT,IPT Nigeria,Deduction,Y,Booked IPT (Additional)
non-bureau booked,IPT,IPT Norway,Deduction,Y,Booked IPT (Additional)
non-bureau booked,IPT,IPT Panama,Deduction,Y,Booked IPT (Additional)
non-bureau booked,IPT,IPT Papua New Guinea,Deduction,Y,Booked IPT (Additional)
non-bureau booked,IPT,IPT Peru,Deduction,Y,Booked IPT (Additional)
non-bureau booked,IPT,IPT Portugal,Deduction,Y,Booked IPT (Additional)
non-bureau booked,IPT,IPT Portugal Parafiscal,Deduction,Y,Booked IPT (Additional)
non-bureau booked,IPT,IPT Romania,Deduction,Y,Booked IPT (Additional)
non-bureau booked,IPT,IPT Russian Federation,Deduction,Y,Booked IPT (Additional)
non-bureau booked,IPT,IPT Saint Lucia,Deduction,Y,Booked IPT (Additional)
non-bureau booked,IPT,IPT Saudi Arabia,Deduction,Y,Booked IPT (Additional)
non-bureau booked,IPT,IPT Serbia,Deduction,Y,Booked IPT (Additional)
non-bureau booked,IPT,IPT Singapore,Deduction,Y,Booked IPT (Additional)
non-bureau booked,IPT,IPT Slovakia,Deduction,Y,Booked IPT (Additional)
non-bureau booked,IPT,IPT Slovenia,Deduction,Y,Booked IPT (Additional)
non-bureau booked,IPT,IPT South Africa Income Tax,Deduction,Y,Booked IPT (Additional)
non-bureau booked,IPT,IPT Spain,Deduction,Y,Booked IPT (Additional)
non-bureau booked,IPT,IPT Switzerland,Deduction,Y,Booked IPT (Additional)
non-bureau booked,IPT,"IPT Taiwan, Province of China",Deduction,Y,Booked IPT (Additional)
non-bureau booked,IPT,IPT Thailand,Deduction,Y,Booked IPT (Additional)
non-bureau booked,IPT,IPT Trinidad and Tobago,Deduction,Y,Booked IPT (Additional)
non-bureau booked,IPT,IPT Turkey,Deduction,Y,Booked IPT (Additional)
non-bureau booked,IPT,IPT UK,Deduction,Y,Booked IPT (Additional)
non-bureau booked,IPT,IPT Ukraine,Deduction,Y,Booked IPT (Additional)
non-bureau booked,IPT,IPT United Arab Emirates,Deduction,Y,Booked IPT (Additional)
non-bureau booked,IPT,IPT United States,Deduction,Y,Booked IPT (Additional)
non-bureau booked,IPT,IPT Uruguay,Deduction,Y,Booked IPT (Additional)
non-bureau booked,IPT,IPT Venezuela,Deduction,Y,Booked IPT (Additional)
non-bureau booked,IPT,IPT Vietnam,Deduction,Y,Booked IPT (Additional)
non-bureau booked,IPT,IPT Xchanging (*UNKNOWN*),Deduction,Y,Booked IPT (Additional)
non-bureau booked,Deduction,Administration Allowance,Deduction,Y,Booked Other Deduction (Additional)
non-bureau booked,Deduction,Commission,Deduction,Y,Booked Commission (Additional)
non-bureau booked,Deduction,Coverholder Commission,Deduction,Y,Booked Other Deduction (Additional)
non-bureau booked,Deduction,Federal Excise Tax,Deduction,Y,Booked Other Deduction (Additional)
non-bureau booked,Deduction,Fees & Expenses,Deduction,Y,Booked Other Deduction (Additional)
non-bureau booked,Deduction,Fire Brigade Charges,Deduction,Y,Booked Other Deduction (Additional)
non-bureau booked,Deduction,Greek Tax - 12.4%,Deduction,Y,Booked Other Deduction (Additional)
non-bureau booked,Deduction,Irish Levy,Deduction,Y,Booked Other Deduction (Additional)
non-bureau booked,Deduction,Italian Solidarity Fund - 1%,Deduction,Y,Booked Other Deduction (Additional)
non-bureau booked,Deduction,Italy Pt & Pc - 22.25%,Deduction,Y,Booked Other Deduction (Additional)
non-bureau booked,Deduction,Lead Office Survey Fees,Deduction,Y,Booked Other Deduction (Additional)
non-bureau booked,Deduction,Management Expenses,Deduction,Y,Booked Other Deduction (Additional)
non-bureau booked,Deduction,Other Deduction,Deduction,Y,Booked Other Deduction (Additional)
non-bureau booked,Deduction,Other Fees,Deduction,Y,Booked Other Deduction (Additional)
non-bureau booked,Deduction,Peruvian Withholding Tax,Deduction,Y,Booked Other Deduction (Additional)
non-bureau booked,Deduction,Premium Taxes,Deduction,Y,Booked Other Deduction (Additional)
non-bureau booked,Deduction,Profit Commission,Deduction,Y,Booked Other Deduction (Additional)
non-bureau booked,Deduction,Reinsurance Commission,Deduction,Y,Booked Other Deduction (Additional)
non-bureau booked,Deduction,Reinsurance Overriding Commission,Deduction,Y,Booked Other Deduction (Additional)
non-bureau booked,Deduction,Reinsurance Profit Commission,Deduction,Y,Booked Other Deduction (Additional)
booked bureau,Premium,001 - Nett Premium,Premium,N,Net Booked Premium
booked bureau,Premium,002 - Deferred Premiums Released,Deduction,N,Booked Deductions (Other)
booked bureau,Premium,003 - Premium Reserve Retained,Deduction,N,Booked Deductions (Other)
booked bureau,Premium,004 - Premium Reserve Released,Deduction,N,Booked Deductions (Other)
booked bureau,Premium,005 - Premium Portfolio Incoming,Deduction,N,Booked Deductions (Other)
booked bureau,Premium,006 - Premium Portfolio Outgoing,Deduction,N,Booked Deductions (Other)
booked bureau,Premium,007 - Nett Reserve Interest,Deduction,N,Booked Deductions (Other)
booked bureau,Premium,008 - Reinsurance Costs,Deduction,N,Booked Deductions (Other)
booked bureau,Premium,009 - Profit Commission,Deduction,N,Booked Deductions (Other)
booked bureau,Premium,010 - Nett Claims,Deduction,N,Booked Deductions (Other)
booked bureau,Premium,011 - Claim Reserve Retained,Deduction,N,Booked Deductions (Other)
booked bureau,Premium,012 - Claim Reserve Released,Deduction,N,Booked Deductions (Other)
booked bureau,Premium,013 - OCA Retained,Deduction,N,Booked Deductions (Other)
booked bureau,Premium,014 - OCA Released,Deduction,N,Booked Deductions (Other)
booked bureau,Premium,015 - Claim Portfolio Incoming,Deduction,N,Booked Deductions (Other)
booked bureau,Premium,016 - Claim Portfolio Outgoing,Deduction,N,Booked Deductions (Other)
booked bureau,Premium,017 - Reinsurance Recoveries,Deduction,N,Booked Deductions (Other)
booked bureau,Premium,040 - Premium,Premium,N,Gross Booked Premium
booked bureau,Premium,041 - Lay Up Returns,Deduction,N,Booked Deductions (Other)
booked bureau,Premium,042 - Commission,Deduction,N,Booked Deductions (Other)
booked bureau,Premium,043 - Commission Adjustment,Deduction,N,Booked Deductions (Other)
booked bureau,Premium,044 - Overriding Commission,Deduction,N,Booked Deductions (Other)
booked bureau,Premium,045 - Premium Taxes,Deduction,N,Booked IPT
booked bureau,Premium,046 - Fire Brigade Charges,Deduction,N,Booked Deductions (Other)
booked bureau,Premium,047 - Other Deductions,Deduction,N,Booked Deductions (Other)
booked bureau,Premium,048 - Brokerage,Deduction,N,Booked Brokerage
booked bureau,Premium,100 - Premium Reserve Interest,Deduction,N,Booked Deductions (Other)
booked bureau,Premium,101 - Claim Reserve/OCA Interest,Deduction,N,Booked Deductions (Other)
booked bureau,Premium,102 - Tax on Interest,Deduction,N,Booked Deductions (Other)
booked bureau,Premium,110 - Paid Claims,Deduction,N,Booked Deductions (Other)
booked bureau,Premium,111 - Paid Refunds,Deduction,N,Booked Deductions (Other)
booked bureau,Premium,112 - Cash Loss,Deduction,N,Booked Deductions (Other)
booked bureau,Premium,113 - Cash Loss Contra Entry,Deduction,N,Booked Deductions (Other)
booked bureau,Premium,200 - Insurance Premium Tax,Deduction,N,Booked IPT
booked bureau,Premium,211 - Reinstatement Premium,Premium,N,Gross Booked Premium
booked bureau,Premium,050 - Returned Tax,Deduction,N,Booked Deductions (Other)
booked bureau,Premium,002 - Deferred Premiums Released,Deduction,N,Net Booked Premium
booked bureau,Premium,003 - Premium Reserve Retained,Deduction,N,Net Booked Premium
booked bureau,Premium,004 - Premium Reserve Released,Deduction,N,Net Booked Premium
booked bureau,Premium,005 - Premium Portfolio Incoming,Deduction,N,Net Booked Premium
booked bureau,Premium,006 - Premium Portfolio Outgoing,Deduction,N,Net Booked Premium
booked bureau,Premium,007 - Nett Reserve Interest,Deduction,N,Net Booked Premium
booked bureau,Premium,008 - Reinsurance Costs,Deduction,N,Net Booked Premium
booked bureau,Premium,009 - Profit Commission,Deduction,N,Net Booked Premium
booked bureau,Premium,010 - Nett Claims,Deduction,N,Net Booked Premium
booked bureau,Premium,011 - Claim Reserve Retained,Deduction,N,Net Booked Premium
booked bureau,Premium,012 - Claim Reserve Released,Deduction,N,Net Booked Premium
booked bureau,Premium,013 - OCA Retained,Deduction,N,Net Booked Premium
booked bureau,Premium,014 - OCA Released,Deduction,N,Net Booked Premium
booked bureau,Premium,015 - Claim Portfolio Incoming,Deduction,N,Net Booked Premium
booked bureau,Premium,016 - Claim Portfolio Outgoing,Deduction,N,Net Booked Premium
booked bureau,Premium,017 - Reinsurance Recoveries,Deduction,N,Net Booked Premium
booked bureau,Premium,040 - Premium,Premium,N,Net Booked Premium
booked bureau,Premium,041 - Lay Up Returns,Deduction,N,Net Booked Premium
booked bureau,Premium,042 - Commission,Deduction,N,Net Booked Premium
booked bureau,Premium,043 - Commission Adjustment,Deduction,N,Net Booked Premium
booked bureau,Premium,044 - Overriding Commission,Deduction,N,Net Booked Premium
booked bureau,Premium,045 - Premium Taxes,Deduction,N,Net Booked Premium
booked bureau,Premium,046 - Fire Brigade Charges,Deduction,N,Net Booked Premium
booked bureau,Premium,047 - Other Deductions,Deduction,N,Net Booked Premium
booked bureau,Premium,048 - Brokerage,Deduction,N,Net Booked Premium
booked bureau,Premium,100 - Premium Reserve Interest,Deduction,N,Net Booked Premium
booked bureau,Premium,101 - Claim Reserve/OCA Interest,Deduction,N,Net Booked Premium
booked bureau,Premium,102 - Tax on Interest,Deduction,N,Net Booked Premium
booked bureau,Premium,110 - Paid Claims,Deduction,N,Net Booked Premium
booked bureau,Premium,111 - Paid Refunds,Deduction,N,Net Booked Premium
booked bureau,Premium,112 - Cash Loss,Deduction,N,Net Booked Premium
booked bureau,Premium,113 - Cash Loss Contra Entry,Deduction,N,Net Booked Premium
booked bureau,Premium,200 - Insurance Premium Tax,Deduction,N,Net Booked Premium
booked bureau,Premium,211 - Reinstatement Premium,Premium,N,Net Booked Premium
booked bureau,Premium,050 - Returned Tax,Deduction,N,Net Booked Premium
booked bureau,Premium,002 - Deferred Premiums Released,Deduction,Y,Net Booked Premium
booked bureau,Premium,003 - Premium Reserve Retained,Deduction,Y,Net Booked Premium
booked bureau,Premium,004 - Premium Reserve Released,Deduction,Y,Net Booked Premium
booked bureau,Premium,005 - Premium Portfolio Incoming,Deduction,Y,Net Booked Premium
booked bureau,Premium,006 - Premium Portfolio Outgoing,Deduction,Y,Net Booked Premium
booked bureau,Premium,007 - Nett Reserve Interest,Deduction,Y,Net Booked Premium
booked bureau,Premium,008 - Reinsurance Costs,Deduction,Y,Net Booked Premium
booked bureau,Premium,009 - Profit Commission,Deduction,Y,Net Booked Premium
booked bureau,Premium,010 - Nett Claims,Deduction,Y,Net Booked Premium
booked bureau,Premium,011 - Claim Reserve Retained,Deduction,Y,Net Booked Premium
booked bureau,Premium,012 - Claim Reserve Released,Deduction,Y,Net Booked Premium
booked bureau,Premium,013 - OCA Retained,Deduction,Y,Net Booked Premium
booked bureau,Premium,014 - OCA Released,Deduction,Y,Net Booked Premium
booked bureau,Premium,015 - Claim Portfolio Incoming,Deduction,Y,Net Booked Premium
booked bureau,Premium,016 - Claim Portfolio Outgoing,Deduction,Y,Net Booked Premium
booked bureau,Premium,017 - Reinsurance Recoveries,Deduction,Y,Net Booked Premium
booked bureau,Premium,040 - Premium,Premium,Y,Net Booked Premium
booked bureau,Premium,041 - Lay Up Returns,Deduction,Y,Net Booked Premium
booked bureau,Premium,042 - Commission,Deduction,Y,Net Booked Premium
booked bureau,Premium,043 - Commission Adjustment,Deduction,Y,Net Booked Premium
booked bureau,Premium,044 - Overriding Commission,Deduction,Y,Net Booked Premium
booked bureau,Premium,045 - Premium Taxes,Deduction,Y,Net Booked Premium
booked bureau,Premium,046 - Fire Brigade Charges,Deduction,Y,Net Booked Premium
booked bureau,Premium,047 - Other Deductions,Deduction,Y,Net Booked Premium
booked bureau,Premium,048 - Brokerage,Deduction,Y,Net Booked Premium
booked bureau,Premium,100 - Premium Reserve Interest,Deduction,Y,Net Booked Premium
booked bureau,Premium,101 - Claim Reserve/OCA Interest,Deduction,Y,Net Booked Premium
booked bureau,Premium,102 - Tax on Interest,Deduction,Y,Net Booked Premium
booked bureau,Premium,110 - Paid Claims,Deduction,Y,Net Booked Premium
booked bureau,Premium,111 - Paid Refunds,Deduction,Y,Net Booked Premium
booked bureau,Premium,112 - Cash Loss,Deduction,Y,Net Booked Premium
booked bureau,Premium,113 - Cash Loss Contra Entry,Deduction,Y,Net Booked Premium
booked bureau,Premium,200 - Insurance Premium Tax,Deduction,Y,Net Booked Premium
booked bureau,Premium,211 - Reinstatement Premium,Premium,Y,Net Booked Premium
booked bureau,Premium,050 - Returned Tax,Deduction,Y,Net Booked Premium